pop,true
independent,true
electro,true
freely.available,true
staff.picks,true
record.store.day,true
record.store.day.2015,true
record.store.day.2014,true
record.store.day.2013,true
record.store.day.2012,true
record.store.day.2011,true
record.store.day.2010,true
record.store.day.2009,true
record.store.day.2008,true
record.store.day.2007,true
record.store.day.2006,true
record.store.day.2005,true
record.store.day.2004,true
record.store.day.2000,true
record.store.day.2001,true
record.store.day.2003,true
record.store.day.2002,true
non.music,true
vanity.house,true
top.40,true
dj,true
dj.mix,true
adult.contemporary,true
mixed,true
mix,true
digital,true
lo.fi,true
female.vocalist,true
abstract,true
live,true
mixtape,true
border.community,true
british,true
bass,true
german,true
germany,true
united.states,true
american,true
america,true
canada,true
french,true
gb,true
english,true
us,true
united.kingdom,true
tribal,true
experimental,true
free,true
concept.album,true
edits,true
what.cd,true
donor.picks,true
20th.century,true
australia,true
bass.music,true
beat,true
california,true
childrens,true
disney,true
electronicmusic,true
featured.album,true
fun,true
guitar,true
happy.hardcore,true
library.music,true
modern,true
one.man.band,true
radio,true
remix,true
nova.tunes,f
nova.records,f
nova.racords,f
zouk,f
suntrip.records,f
full.on,f
psy,f
fullon,f
new.school,f
studio.brussel,f
mellow,f
xl.recordings,f
chilled.trance,f
antifade.records,f
geelong,f
hard.house,f
tango.nuevo,f
progressive.kuduro,f
tango.fusion,f
nueva.cumbia,f
nacional.records,f
angola,f
kuduro,f
dance.mutiny,f
nonesuch.records,f
nuphonic,f
word.magazine,f
bjork,f
noh,f
rock.electronic,f
experimental.hiphop,f
icelandic.music,f
conscious,f
temporary.residence.limited,f
carbon,f
bleep,f
futurechillwave,f
pop.dance.britpop,f
ndw,f
jackin.house,f
french.vocals,f
christmassongs,f
bossa,f
deutsch,f
irma,f
club.tools,f
girl.group,f
ballet,f
quatermass,f
cnr.music,f
mod,f
re.edits,f
frenchcore,f
eurotrend,f
jump.up,f
lied,f
stage.and.screen,f
post,f
freeform.hardcore,f
sun.music,f
fm4,f
jay.reatard,f
mariachi,f
austrian,f
xtc,f
surf.metal,f
musikexpress.magazine,f
victoria,f
uncut.magazine,f
zydeco,f
silf,f
glastonbury,f
essential,f
dancecore,f
zivel,f
uptempo,f
television,f
euro,f
relax,f
musica,f
zen,f
magazine,f
acidcrunk,f
mojo,f
pagan.records,f
catskills.records,f
oriental,f
funk..soul,f
ninja.tune,f
leeds,f
atmospheric.breaks,f
bpm,f
electronic.dub,f
colorado,f
sonic.bloom,f
autonomous.music,f
furry,f
soundclash,f
new.jazz,f
smooth,f
dub.lab,f
electronicidmhip.hop,f
thug.jazz,f
flying.lotus,f
headz,f
future.soul,f
progressive.soul,f
beat.hiphop,f
yearmix,f
plug.research,f
christian.hardcore,f
suomi,f
sub.city,f
battle,f
nantes,f
beatjuggling,f
scratch,f
northern.soul,f
sad.boys,f
neon.music,f
abstract.hip.hip,f
lyon,f
minimix,f
uno,f
dubporn.records,f
glitchrb,f
ballroom,f
remixes,f
house.and.bass,f
live.performances,f
speed.garage,f
bootleg,f
florida.breaks,f
benefit.concerts,f
concert,f
music.video,f
teen.pop,f
latin.music,f
rnbswing,f
ice.punk,f
hungarian,f
running,f
dance.radio,f
commercially.unavailable.mixes,f
zumba,f
fitness,f
houes,f
lgbt,f
poetic,f
williamburroughs,f
gong,f
beat.poet,f
interview,f
cut.up,f
kansas.city,f
text.sound,f
beat.generation,f
burroughs,f
spaceage,f
hamburger.schule,f
hardcore.hip.hop,f
tde,f
compton,f
descriptor,f
eminem,f
vogue,f
deep.dubstep,f
west.coast.hip.hop,f
dubstepbass,f
thug.rap,f
5.1,f
euro.rap,f
50.cent,f
misogyny,f
shady.records,f
kissfm,f
chicago.rap,f
liquid.rec,f
sub.terranean,f
sound.board,f
cd.pool,f
soundboard,f
progressive.groove.metal,f
zwaarste.lijst,f
stubru,f
adult.swim,f
queensbridge,f
hardcore.rap,f
ambience,f
jam.rock,f
dovetail.records,f
gypsy.jazz,f
yugoslavian,f
atmospheric.electronica,f
progressive.electronic,f
tribal.industrial,f
just.music,f
warp,f
ambient.electronic,f
platipus,f
glitch.techno,f
progressive.form,f
clicks,f
south,f
atl,f
karaoke,f
mix.tape,f
soulful.house,f
dungeon.family,f
funk.soul,f
suave.house.records,f
priority.records,f
classic.joints,f
tennessee,f
thugstep,f
qmagazine,f
country.rap.tunes,f
bootleg.remix,f
n.w.a,f
booty.breaks,f
donald.bump,f
ann.arbor,f
swindon,f
c64,f
powernoise,f
loops,f
dj.tools,f
muzik.magazine,f
skint,f
jazz.rap,f
futurama,f
underground.house,f
dubstep.grime,f
trance.techno,f
italo.house,f
fatboy.slim,f
norman.cook,f
southern.fried.records,f
emotion,f
collaboration,f
larry.clark,f
chemical.beats,f
ibiza,f
hio.hop,f
clubmix,f
booty,f
love.pop,f
gothic.novel.rock,f
power.noise,f
queer,f
freelydownload,f
dubplate,f
djmix,f
club.sounds,f
greg.araki,f
flip,f
instrumental.pop,f
dongs.in.face,f
wrong.trap,f
trance.vocal,f
jackin,f
level.2,f
triplej,f
promo,f
triple.j,f
warper,f
dmd,f
bromance,f
future.house,f
happystep,f
nu.funk,f
software,f
source.research,f
electronic.ambient,f
coil,f
luke.vibert,f
not.that.coil,f
sample.based,f
20.to.2000,f
terrascope,f
harsh.noise,f
sonnets,f
not.coil,f
sound.poetry,f
sound,f
stella.polaris,f
rexclub,f
copenhagen,f
line,f
sound.installation,f
boomkat,f
europe,f
torrentech,f
summer,f
progressive.electro,f
nudance,f
inox,f
tektonic,f
clublandtrance,f
park,f
uk.hardcore,f
rhythm,f
trick.or.treat,f
favela,f
freestyle.rap,f
latin.urban,f
trap.house,f
gold.coast,f
scary,f
cash.money.records,f
moombahluv,f
young.money,f
global.bass,f
cash.money,f
uptown,f
favela.funk,f
chamillitary,f
fulltiltremix,f
chopped.not.slopped,f
birdman,f
b32,f
neptunes,f
police,f
baton.rouge,f
nola,f
albany,f
emo.trap,f
spf420,f
collage,f
nostalgia,f
vaporhouse,f
ahora,f
spacebop,f
freely.availiable,f
hypnagogic,f
soothing,f
football,f
handsup,f
dutch.house,f
jumpstyle,f
hands.up,f
dance.electro,f
top.hits,f
dancefloor,f
black.sun.empire,f
virus.recordings,f
ram,f
resident.magazine,f
citrus,f
vision.recordings,f
metalheadz,f
post.dnb,f
rhythm.and.poe,f
nerve.recordings,f
renegade.hardware,f
neosignal,f
division,f
drum.and.bass.dubstep,f
nederhop,f
ukf,f
payload.recordings,f
fidgetstep,f
lifted.music,f
subtitles,f
vision,f
bse,f
cargo.industries,f
tongueincheek,f
barcode.recordings,f
subtitles.music,f
drum.and.bass.funk,f
spor,f
clubstep,f
marimba,f
marimba.classical,f
love.songs,f
soundtracks,f
arrangement,f
wfuv,f
pops,f
hall.of.fame,f
live.concert,f
time.life,f
love,f
chants,f
elvis.costello,f
wedding,f
kbco,f
chorus,f
family,f
american.primitive.guitar,f
guitar.soli,f
folk.raga,f
tompkins.square,f
takoma,f
psy.prog,f
electronicpsytrance,f
why.not.records,f
yoyo.records,f
hom.mega.productions,f
phonokol.records,f
shiva.space.technology,f
zenon.records,f
organic,f
farm.records,f
hitmania,f
fitness..workout,f
hits,f
dreamhouse,f
pop.danish,f
clubdance,f
varitsinternationales,f
stadium.house,f
ice.hockey,f
bigroom.house,f
workout,f
rockpop,f
hed.kandi,f
schlager,f
variete,f
hip.hop.rap,f
pop.dance,f
freely.available.music,f
popdance,f
dance.house,f
hause,f
sensation,f
brega,f
singer,f
ozrock,f
bbc,f
megamix,f
90s.pop,f
viva,f
reggaepop,f
seadisco,f
eurobeat,f
charity,f
hi.nrg,f
club.anthems,f
urban.ac,f
adult.album.alternative,f
eletro.brega,f
contemporaryinstrumental,f
contemporary.instrumental,f
acid.beat,f
new.beat,f
italopop,f
hard.beat,f
holland,f
ghetto.funk,f
inrockuptibles,f
dubsetp,f
diplo,f
skrill.dub.hop,f
tribal.techno,f
turkey,f
latino.dance,f
soft.pop,f
alternative.indie,f
slow,f
creole,f
kbcostudioc,f
contemporary.folk,f
studioc,f
cosmic.conspiracy.records,f
minimal.psy,f
casual.records,f
afghanistan,f
belize,f
guaracha,f
son,f
algeria,f
cuban.son,f
havana,f
pakistan,f
congas,f
eastern.european,f
afro.cuban.jazz,f
afro.jazz,f
modern.son,f